Id,Question,Answer,withoutRAG,Query,withRAG
0,2025年1月1日にアメリカのニューオーリンズで発生した事件について、犯人の国籍、使用された車の車種、死傷者数を教えてください。また、同日にラスベガスで発生した事件で使用された車の車種も教えてください。,2025年1月1日にアメリカ合衆国ルイジアナ州ニューオーリンズで発生した事件の犯人は42歳のアメリカ国籍の男でした。 使用されたピックアップトラックの車種は「フォード・F-150 ライトニング」です。 この事件では15人が死亡し約30人が負傷しました。 また、同日にネバダ州ラスベガスで発生した事件で使用されたピックアップトラックの車種は「テスラ・サイバートラック」です。,"申し訳ありませんが、2025年1月1日にニューオーリンズやラスベガスで発生した事件に関する情報は、私の知識ベースにはありません。

**なぜなら:**

* **リアルタイム情報:**  私はリアルタイムの情報にアクセスできません。
* **情報更新:**  事件情報は常に変化するため、私の知識は常に最新の状態ではありません。


最新の事件情報については、信頼できるニュースソースを参照することをお勧めします。






","[参考資料]
* 1月
1月1日
アメリカ合衆国ルイジアナ州ニューオーリンズで、新年を祝う群衆にピックアップトラック「フォード・F-150 ライトニング」が突っ込み、その後犯人が発砲する事件が発生し、15人が死亡し約30人が負傷した
* アメリカ合衆国ネバダ州ラスベガスのトランプ・インターナショナル・ホテル・ラスベガスの玄関車寄せ付近に於いて、ピックアップトラック「テスラ・サイバートラック」が爆発炎上し、運転手と思われる人物が死亡し、付近に居た通行人ら7名が負傷する事件が発生した
* 2月15日
オーストリアの都市フィラッハで、23歳のシリア人が居合わせた歩行者6人に対して無差別殺傷事件を起こす
* 尚、アメリカ連邦捜査局（FBI）はニューオーリンズの事件とラスベガスの事件に関連性があるかどうかについて捜査を行う方針
* 犯人は、42歳のアメリカ国籍の男で、警察官に向かって発砲し、銃撃戦により死亡した

[質問] 2025年1月1日にアメリカのニューオーリンズで発生した事件について、犯人の国籍、使用された車の車種、死傷者数を教えてください。また、同日にラスベガスで発生した事件で使用された車の車種も教えてください。","## 2025年1月1日アメリカのニューオーリンズ・ラスベガス事件について

**ニューオーリンズ事件**

* **犯人の国籍:**  アメリカ国籍
* **使用された車の車種:**  フォード・F-150 ライトニング
* **死傷者数:** 15人死亡、約30人負傷

**ラスベガス事件**

* **使用された車の車種:** テスラ・サイバートラック





"
1,2025年1月にカナダのジャスティン・トルドー首相が辞任を表明した理由は何ですか？,カナダのジャスティン・トルドー首相が2025年1月6日に辞任を表明した理由は、インフレ対応による支持率低下や、現時点で少数与党で次の選挙で敗退が見込まれることです。,"2025年1月にカナダのジャスティン・トルドー首相が辞任を表明した理由は、**複雑な政治的状況と国民の失望**が主な要因です。

具体的には、以下の点が挙げられます。

* **経済状況の悪化:**  2023年後半から、カナダの経済状況が不安定化し、インフレや失業率の増加が懸念されました。
* **政治的対立:**  トルドー首相は、国内の政治的対立を避けることが難しく、政策の推進が困難になったと考えられています。
* **国際情勢:**  世界的な経済危機や国際的な緊張が高まる中、トルドー首相は国際的な対応に課題を抱えていました。
* **国民の失望:**  国民の支持率が低下し、政策の透明性や国民への対応が批判されました。





","[参考資料]
* 1月6日
カナダのジャスティン・トルドー首相がインフレ対応による支持率低下や、現時点で少数与党で次の選挙で敗退が見込まれることを理由に首相辞任を表明する
* ドナルド・トランプ大統領が2月4日から発動するとしていたカナダとメキシコの製品に対する25％の関税を1ヶ月延期すると表明
* 1月4日 - オーストリアのカール・ネーハマー首相が2024年9月29日の国民議会 (オーストリア) 選挙での敗北とその後の連立政権樹立に向けた交渉の決裂により首相辞任を表明する
* 2月
2月1日 - アメリカのドナルド・トランプ大統領がカナダとメキシコからの輸入品に25％の関税を、中国に10％の追加関税を課す大統領令に署名する
* 2月10日 - ドナルド・トランプ大統領が全世界の国を対象に鉄鋼製品とアルミニウムに25％の関税を課す、また紙ストローの提供をやめさせる大統領令を出す

[質問] 2025年1月にカナダのジャスティン・トルドー首相が辞任を表明した理由は何ですか？","2025年1月にカナダのジャスティン・トルドー首相が辞任を表明した理由は、**インフレ対応による支持率低下や、現時点で少数与党で次の選挙で敗退が見込まれる**ことでした。



"
2,2025年4月4日に韓国で憲法裁判所により罷免された大統領は誰ですか？,2025年4月4日に韓国で憲法裁判所により罷免された大統領は尹錫悦（ユン・ソンニョル）氏です。,"2025年4月4日に韓国で憲法裁判所により罷免された大統領は **尹錫悦** です。



","[参考資料]
* 4月4日 - 韓国の大統領・尹錫悦が憲法裁判所により罷免される
* 罷免は韓国史上２例目
* 大韓民国で崔相穆大統領権限代行兼経済副首相が韓国国会割り当て分の憲法裁判所裁判官2名を任命したことに対し、大統領室の鄭鎮碩（チョン・ジンソク）大統領秘書室長を始めとする首席秘書官全員が「大統領権限代行の逸脱行為である」として辞職を表明した
* 尹大統領は2024年12月3日に戒厳令を発布したことで内乱罪に問われ、今年1月15日から53日間勾留されていた
* 1月15日
大韓民国の尹錫悦大統領を拘束したと合同捜査本部が発表した

[質問] 2025年4月4日に韓国で憲法裁判所により罷免された大統領は誰ですか？","2025年4月4日に韓国で憲法裁判所により罷免された大統領は **尹錫悦** です。



"
3,2025年2月7日に行われた日米首脳会談で、日本製鉄のUSスチール買収計画はどのように変更されましたか？,2025年2月7日に行われた日米首脳会談で、日本製鉄のUSスチール買収計画は多額の投資へと変更になりました。," 2025年2月7日に行われた日米首脳会談で、日本製鉄のUSスチール買収計画は、**当初の計画を大幅に変更**しました。

**具体的には、以下の点が挙げられます:**

* **買収計画の継続**:  日本製鉄は、当初の計画通りUSスチール買収を進める意向を示しました。
* **新たな合意**:  日本製鉄とUSスチールは、**共同で新たな事業計画**を検討し、**より具体的な合意**を結びました。
* **政府の関与**:  日本政府は、**買収後の事業運営における安定性と透明性**を重視し、**より積極的な関与**を示唆しました。








","[参考資料]
* この会談で日本製鉄のUSスチール買収計画が多額の投資へ変更になる
* アメリカ合衆国のジョー・バイデン大統領が、日本の大手製鉄会社の日本製鉄による米国製鉄会社USスチールを買収する案件に対して、「国家安全保障上の懸念がある」としてこれを阻止する決定を下したことを発表した
* 2月7日
第二次ドナルド・トランプ政権が始まって以降初の日米首脳会談が行われる
* 2月10日 - ドナルド・トランプ大統領が全世界の国を対象に鉄鋼製品とアルミニウムに25％の関税を課す、また紙ストローの提供をやめさせる大統領令を出す
* これに対して日本製鉄は「法令違反」であるとしてアメリカ合衆国政府を提訴する構えであることを明らかにしている

[質問] 2025年2月7日に行われた日米首脳会談で、日本製鉄のUSスチール買収計画はどのように変更されましたか？","参考資料によると、2025年2月7日に行われた日米首脳会談で、日本製鉄のUSスチール買収計画は**多額の投資へ変更**されました。





"
4,オーストリアのカール・ネーハマー首相が辞任を表明したのはいつですか？,オーストリアのカール・ネーハマー首相が辞任を表明したのは2025年1月4日です。,"オーストリアのカール・ネーハマー首相が辞任を表明したのは **2023年10月17日** です。



","[参考資料]
* 1月4日 - オーストリアのカール・ネーハマー首相が2024年9月29日の国民議会 (オーストリア) 選挙での敗北とその後の連立政権樹立に向けた交渉の決裂により首相辞任を表明する
* 1月6日
カナダのジャスティン・トルドー首相がインフレ対応による支持率低下や、現時点で少数与党で次の選挙で敗退が見込まれることを理由に首相辞任を表明する
* オラフ・ショルツ首相率いる与党の中道左派、社会民主党(SPD)は得票率16.4％で3位となり、政権交代が見込まれる
* 2月15日
オーストリアの都市フィラッハで、23歳のシリア人が居合わせた歩行者6人に対して無差別殺傷事件を起こす
* 2月9日
バルト三国がロシアと繋いでいた電力網を遮断し、ヨーロッパ大陸の電力網に接続する

[質問] オーストリアのカール・ネーハマー首相が辞任を表明したのはいつですか？","オーストリアのカール・ネーハマー首相が辞任を表明したのは **1月4日** です。



"
5,2025年1月20日に就任したアメリカ合衆国の新しい大統領と副大統領はそれぞれ誰ですか？,2025年1月20日に就任したアメリカ合衆国の大統領はドナルド・トランプ氏、副大統領はJ・D・ヴァンス氏です。,"2025年1月20日にアメリカ合衆国の新しい大統領と副大統領が就任していません。




","[参考資料]
* 大統領にドナルド・トランプ、副大統領にJ・D・ヴァンスが就任
* 1月20日 - アメリカ合衆国大統領就任式を実施
* 2月
2月1日 - アメリカのドナルド・トランプ大統領がカナダとメキシコからの輸入品に25％の関税を、中国に10％の追加関税を課す大統領令に署名する
* 2月10日 - ドナルド・トランプ大統領が全世界の国を対象に鉄鋼製品とアルミニウムに25％の関税を課す、また紙ストローの提供をやめさせる大統領令を出す
* ドナルド・トランプ大統領が2月4日から発動するとしていたカナダとメキシコの製品に対する25％の関税を1ヶ月延期すると表明

[質問] 2025年1月20日に就任したアメリカ合衆国の新しい大統領と副大統領はそれぞれ誰ですか？","質問に答えます。

2025年1月20日にアメリカ合衆国の新しい大統領と副大統領はそれぞれ**ジョー・バイデン**と**カマラ・ハリス**です。



"
6,2024年の世界の軍事費の情報から、2023年の世界の軍事費を算出してください。,2023年の世界の軍事費は約2兆4844.61億ドルです。 (計算：2兆7180億ドル / (1 + 0.094) = 2兆7180億ドル / 1.094 ≈ 2兆4844.606946983546億ドル),"申し訳ありませんが、私はリアルタイムの情報にアクセスできません。そのため、2023年の世界の軍事費を算出することはできません。

**最新の軍事費情報を得るには、以下のサイトをご確認ください:**

* **SIPRI:** https://www.sipri.org/
* **Stockholm International Peace Research Institute (SIPRI):** https://www.sipri.org/
* **The International Institute for Strategic Studies (IISS):** https://www.iiss.org/
* **NATO:** https://www.nato.int/
* **United Nations:** https://www.un.org/en/






","[参考資料]
* 4月28日 - スウェーデンのストックホルム国際平和研究所（SIPRI）は28日、2024年の世界の軍事費が前年比9.4%増の2兆7180億ドル（約391兆円）で過去最高だったと発表した
* 人権擁護団体アムネスティ・インターナショナルは8日、2024年に世界で記録された死刑の執行件数が計1518件で2015年以来の高水準に、一方で、死刑を執行した国は合わせて15カ国と過去最少、とする報告書を公表した
* 1月22日
イスラエル軍トップのヘルツィ・ハレビ軍参謀総長が3月6日に辞任すると表明
* 4月25日 - ロシア連邦捜査委員会は、モスクワ郊外で車が爆発しロシア軍中将のヤロスラフ・モスカリク参謀次長が死亡したと発表した
* 3月21日 - ドイツは基本法（憲法）を改正、財政赤字を国内総生産（GDP）比で0.35％未満に抑える基本法のルールである「債務ブレーキ」の国防費への適用を緩和する

[質問] 2024年の世界の軍事費の情報から、2023年の世界の軍事費を算出してください。"," 残念ながら、上記の参考資料から2023年の世界の軍事費を算出することはできません。

理由は以下の通りです。

* **資料は2024年の軍事費に関する情報のみ**
   参考資料は2024年の世界の軍事費が過去最高であることを示していますが、2023年の軍事費の情報は含まれていません。






"
7,2025年4月2日にアメリカのコリー・ブッカー上院議員が行った演説は何分間でしたか。,1505分。,"申し訳ありませんが、私はリアルタイムの情報にアクセスできません。

2025年4月2日にアメリカのコリー・ブッカー上院議員が行った演説の長さは、インターネット上の情報源で確認できます。



","[参考資料]
* 4月2日 - 米民主党のコリー・ブッカー上院議員が1日、上院での25時間5分（ないしは4分）にわたる演説で史上最長記録を樹立
* これまでの最長記録は1957年の故ストロム・サーモンド元上院議員による24時間18分
* 1月20日 - アメリカ合衆国大統領就任式を実施
* 2月28日 - アメリカのドナルド・トランプ大統領とウクライナのウォロディミル・ゼレンスキー大統領がホワイトハウスで会談する
* ドナルド・トランプ大統領が2月4日から発動するとしていたカナダとメキシコの製品に対する25％の関税を1ヶ月延期すると表明

[質問] 2025年4月2日にアメリカのコリー・ブッカー上院議員が行った演説は何分間でしたか。","2025年4月2日にアメリカのコリー・ブッカー上院議員が行った演説は、**25時間5分（ないしは4分）**でした。



"
8,2025年の韓国における尹錫悦大統領の一連の出来事について、非常戒厳令問題に端を発する拘束令状の請求と執行妨害、その後の逮捕、起訴、そして最終的な罷免に至るまでの経緯を、日付と共に時系列で詳しく説明してください。,"2025年の韓国における尹錫悦大統領の一連の出来事は以下の通りです。
1月3日： 前年12月3日の非常戒厳令問題に関して、合同捜査本部は昨年の12月31日に認可された尹錫悦大統領への拘束令状を執行するべく大統領公邸へ赴きましたが、大統領警護處の関係者に阻まれ執行を中止しました。  
1月7日： 韓国の合同捜査本部は1月6日に期限がきれた尹錫悦大統領の拘束令状の再請求を裁判所にし、認められました。  
1月10日： 韓国の大統領警護庁の朴鍾俊長官が1月3日に合同捜査本部の尹錫悦大統領への拘束令状執行を妨害した特殊公務執行妨害の容疑で出頭しました。  
1月15日： 大韓民国の尹錫悦大統領を拘束したと合同捜査本部が発表しました。  
1月19日： 大韓民国の高位公職者犯罪捜査処（公捜処）は、「非常戒厳」宣言を巡る内乱容疑で尹錫悦大統領を逮捕しました。現職大統領の逮捕は韓国史上初です。  
1月26日： 韓国の検察が尹錫悦大統領を内乱首謀の罪で起訴しました。韓国で現職大統領が起訴されるのは史上初です。  
3月7日： 韓国の裁判所が尹錫悦大統領の釈放を決定しました。釈放予定は3月8日です。  
3月8日： 韓国の尹錫悦大統領が釈放されました。尹大統領は2024年12月3日に戒엄령を発布したことで内乱罪に問われ、今年1月15日から53日間勾留されていました。  
4月4日： 韓国の大統領・尹錫悦氏が憲法裁判所により罷免されました。罷免は韓国史上２例目です。   ","## 2025年韓国における尹錫悦大統領の一連の出来事：非常戒厳令問題から罷免まで

**注記:**  2025年における尹錫悦大統領の出来事については、現時点では確実な情報が不足しています。

**1. 非常戒厳令問題の発生 (2025年1月)**

* **1月1日:**  非常戒厳令の適用が検討される動きが開始される。

**2. 拘束令状請求と執行妨害 (2025年1月～3月)**

* **1月10日:**  尹大統領の権力に対する批判が高まる。
* **1月15日:**  非常戒厳令の適用が決定。
* **2月10日:**  尹大統領の権力に対する拘束令状請求が行われる。
* **2月15日:**  拘束令状請求が認められ、尹大統領の逮捕が開始される。
* **3月10日:**  尹大統領の逮捕が妨害される。

**3. 逮捕と起訴 (2025年3","[参考資料]
* 1月3日
大韓民国で前年12月3日の非常戒厳令問題に関して、合同捜査本部は昨年の12月31日に認可された尹錫悦大統領への拘束令状を執行するべく大統領公邸へ赴いたが、大統領警護處の関係者に阻まれたことにより執行を中止した
* 1月15日
大韓民国の尹錫悦大統領を拘束したと合同捜査本部が発表した
* 尹大統領は2024年12月3日に戒厳令を発布したことで内乱罪に問われ、今年1月15日から53日間勾留されていた
* 1月7日
韓国の合同捜査本部は1月6日に期限がきれた尹錫悦(ユン・ソンニョル)大統領の拘束令状の再請求を裁判所にし、認められる
* 1月19日
大韓民国の高位公職者犯罪捜査処（公捜処）は、「非常戒厳」宣言を巡る内乱容疑で尹錫悦大統領を逮捕

[質問] 2025年の韓国における尹錫悦大統領の一連の出来事について、非常戒厳令問題に端を発する拘束令状の請求と執行妨害、その後の逮捕、起訴、そして最終的な罷免に至るまでの経緯を、日付と共に時系列で詳しく説明してください。","## 2025年韓国における尹錫悦大統領の一連の出来事

**1. 1月3日:**

*合同捜査本部が大統領公邸へ拘束令状執行に向かうが、大統領警護處の関係者に阻まれ執行を中止。

**2. 1月15日:**

*合同捜査本部が尹錫悦大統領を拘束する発表。

**3. 1月19日:**

*韓国の高位公職者犯罪捜査処（公捜処）が「非常戒厳」宣言を巡る内乱容疑で尹錫悦大統領を逮捕。

**4. 1月7日:**

*韓国の合同捜査本部が1月6日に期限がきれた尹錫悦(ユン・ソンニョル)大統領の拘束令状の再請求を裁判所へ。

**5. 1月7日:**

*裁判所が再請求を認め、尹錫悦大統領の拘束令状の執行が可能となる。

**6. 1月15日 - 53日:**

*尹錫悦大統領は2024年12月3日に戒厳令"
9,2025年1月から4月の間に世界各地で発生した、死者を伴う主な自然災害（地震や山火事など）をリストアップし、それぞれの発生場所、日付、および死者数を記述してください。,"	1月7日： 中国チベット自治区でマグニチュード7.1の地震が発生しました。死者数は記載されていません。  
	1月7日： アメリカロサンゼルスで山火事が発生しました。死者数は記載されていません。  
	1月23日： ロサンゼルスの北約72キロに位置するキャスティーク湖近くで新たな山火事が発生しました。死者数は記載されていません。  
	3月28日： ミャンマーのマンダレー近郊を震源とするM7.7の地震が発生しました。死者数は記載されていません。  

","申し訳ありませんが、リアルタイムの情報にアクセスできないため、2025年1月から4月の間に世界各地で発生した死者を伴う自然災害のリストを提供できません。

**なぜなら:**

* **リアルタイム情報:**  自然災害の発生状況は常に変化するため、リアルタイムのデータは常に最新の状態である必要があります。
* **情報収集の複雑さ:**  世界各地で発生する自然災害の情報収集は複雑で、迅速かつ正確な情報を得ることは困難です。


**参考情報:**

* **USGS (米国地質調査所):** https://www.usgs.gov/
* **EMSC (ヨーロッパ地震監視センター):** https://www.emsc-csem.org/
* **FEMA (米国連邦緊急管理庁):** https://www.fema.gov/



これらのサイトは、最新の自然災害情報、包括的なデータ、および関連するニュースを提供しています。
","[参考資料]
* 1月
1月1日
アメリカ合衆国ルイジアナ州ニューオーリンズで、新年を祝う群衆にピックアップトラック「フォード・F-150 ライトニング」が突っ込み、その後犯人が発砲する事件が発生し、15人が死亡し約30人が負傷した
* 1月21日
トルコ・ボル県カルタルカヤのスキー場に隣接するホテルで火災が発生
* 2月15日
オーストリアの都市フィラッハで、23歳のシリア人が居合わせた歩行者6人に対して無差別殺傷事件を起こす
* 3月28日 - ミャンマーのマンダレー近郊を震源とするM7.7の地震が発生
* 少なくとも48人が死亡した

[質問] 2025年1月から4月の間に世界各地で発生した、死者を伴う主な自然災害（地震や山火事など）をリストアップし、それぞれの発生場所、日付、および死者数を記述してください。","参考資料に記載されている自然災害は、地震と山火事のみです。

2025年1月～4月における死者を伴う主な自然災害のリストは以下の通りです。

* **地震**
    * **発生場所:**
    * **日付:**
    * **死者数:**








"
10,トランプ大統領が2017年に署名した最初の大統領令の正式名称は何でしたか？,ジョー・バイデン前政権による大統領令78件を取り消す大統領令。,"トランプ大統領が2017年に署名した最初の大統領令の正式名称は **「** **2017年1月31日大統領令** **」** です。



","[参考資料]
* 2月5日
アメリカのドナルド・トランプ大統領がトランスジェンダーの選手が女子スポーツに参加することを禁じる大統領令 (アメリカ合衆国) に署名する
* 3月
3月1日 - アメリカのドナルド・トランプ大統領は、英語を唯一の公用語に指定する大統領令に署名した
* 2月10日 - ドナルド・トランプ大統領が全世界の国を対象に鉄鋼製品とアルミニウムに25％の関税を課す、また紙ストローの提供をやめさせる大統領令を出す
* 2月
2月1日 - アメリカのドナルド・トランプ大統領がカナダとメキシコからの輸入品に25％の関税を、中国に10％の追加関税を課す大統領令に署名する
* 2月7日
第二次ドナルド・トランプ政権が始まって以降初の日米首脳会談が行われる

[質問] トランプ大統領が2017年に署名した最初の大統領令の正式名称は何でしたか？","トランプ大統領が2017年に署名した最初の大統領令の正式名称は **「英語を唯一の公用語に指定する大統領令」** です。



"
11,トランプ大統領が2019年にアメリカとメキシコの国境に建設を主張した壁の長さはおよそ何マイルでしたか？,トランプ大統領が2019年にアメリカとメキシコの国境に建設を主張した壁の長さはおよそ2000マイルでした。,"トランプ大統領が2019年にアメリカとメキシコの国境に建設を主張した壁の長さは、**約550マイル**です。



","[参考資料]
* 2月
2月1日 - アメリカのドナルド・トランプ大統領がカナダとメキシコからの輸入品に25％の関税を、中国に10％の追加関税を課す大統領令に署名する
* ドナルド・トランプ大統領が2月4日から発動するとしていたカナダとメキシコの製品に対する25％の関税を1ヶ月延期すると表明
* 2月10日 - ドナルド・トランプ大統領が全世界の国を対象に鉄鋼製品とアルミニウムに25％の関税を課す、また紙ストローの提供をやめさせる大統領令を出す
* 2月26日 - トランプ大統領は、富裕層の外国人向けにおよそ500万ドル、日本円で7億4000万円余りを支払えば永住権を得られる「トランプ・ゴールドカード」の販売を始めると明らかにした
* 3月
3月1日 - アメリカのドナルド・トランプ大統領は、英語を唯一の公用語に指定する大統領令に署名した

[質問] トランプ大統領が2019年にアメリカとメキシコの国境に建設を主張した壁の長さはおよそ何マイルでしたか？","参考資料には、トランプ大統領が2019年にアメリカとメキシコの国境に建設を主張した壁の長さについての情報は記載されていません。






"
12,東京オリンピック・パラリンピックの開催年はいつでしたか？,2021年,"東京オリンピック・パラリンピックの開催年は **2020年** です。



","[参考資料]
* 4月10日 - 3年後の2028年のロサンゼルスオリンピックで実施される36競技351種目が決定、パリ大会より競技は4、種目は22、それぞれ増える
* 4月13日 - 大阪で2025年日本国際博覧会（大阪・関西万博）が開幕
* 10月13日まで行われる
* 1月20日 - アメリカ合衆国大統領就任式を実施
* 2月7日
第二次ドナルド・トランプ政権が始まって以降初の日米首脳会談が行われる

[質問] 東京オリンピック・パラリンピックの開催年はいつでしたか？","東京オリンピック・パラリンピックの開催年は **2020年** です。



"
13,2019年の米朝首脳会談は、韓国の仲介によって実現しましたが、その会談はどこで開催されましたか？,シンガポール," 2019年の米朝首脳会談は、**室蘭（日本の北海道）**で開催されました。



","[参考資料]
* 2月7日
第二次ドナルド・トランプ政権が始まって以降初の日米首脳会談が行われる
* 2月28日 - アメリカのドナルド・トランプ大統領とウクライナのウォロディミル・ゼレンスキー大統領がホワイトハウスで会談する
* 2月12日 - 米露首脳による電話会談を実施
* トランプ、ゼレンスキー、岩屋毅外務大臣らが参列
* 北朝鮮がこの年初のミサイル発射

[質問] 2019年の米朝首脳会談は、韓国の仲介によって実現しましたが、その会談はどこで開催されましたか？"," 2019年の米朝首脳会談は、**韓国の仲介によって実現**しました。



"
14,1995年に発生した阪神・淡路大震災の震源地はどこでしたか？,淡路島北部、具体的には北緯34度36分、東経135度02分付近,"1995年の阪神・淡路大震災の震源地は、**兵庫県神戸市東部の海原**です。



","[参考資料]
* 震源の深さは10km
* 3月28日 - ミャンマーのマンダレー近郊を震源とするM7.7の地震が発生
* 中国チベット自治区でマグニチュード7.1の地震が発生
* 2月13日
台湾の台中市にある新光三越百貨店で爆発事故が発生
* 日本のEEZの外に落下したとみられる

[質問] 1995年に発生した阪神・淡路大震災の震源地はどこでしたか？","1995年に発生した阪神・淡路大震災の震源地は、**兵庫県西部の淡路島**です。



"
